Boston Celtics,Playoffs
Brooklyn Nets,2/13/2017
New York Knicks,3/13/2017
Philadelphia 76ers,3/5/2017
Toronto Raptors,Playoffs
Chicago Bulls,Playoffs
Cleveland Cavaliers,Playoffs
Detroit Pistons,3/28/2017
Indiana Pacers,Playoffs
Milwaukee Bucks,Playoffs
Atlanta Hawks,Playoffs
Charlotte Hornets,3/30/2017
Miami Heat,4/12/2017
Orlando Magic,3/19/2017
Washington Wizards,Playoffs
Denver Nuggets,4/4/2017
Minnesota Timberwolves,3/19/2017
Oklahoma City Thunder,Playoffs
Portland Trail Blazers,Playoffs
Utah Jazz,Playoffs
Golden State Warriors,Playoffs
LA Clippers,Playoffs
Los Angeles Lakers,3/10/2017
Phoenix Suns,3/4/2017
Sacramento Kings,3/24/2017
Dallas Mavericks,3/26/2017
Houston Rockets,Playoffs
Memphis Grizzlies,Playoffs
New Orleans Pelicans,4/1/2017
San Antonio Spurs,Playoffs
